Ref,Val,Package,PosX,PosY,Rot,Side
"A1","Pololu_Breakout_DRV8825","Pololu_Breakout-16_15.2x20.3mm",89.850000,-46.900000,0.000000,top
"C1","10uF","C_0805_2012Metric_Pad1.18x1.45mm_HandSolder",111.000000,-78.762500,-90.000000,top
"C2","100nF","C_0805_2012Metric_Pad1.18x1.45mm_HandSolder",105.675000,-68.425000,180.000000,top
"C3","100nF","C_0805_2012Metric_Pad1.18x1.45mm_HandSolder",123.625000,-68.250000,-90.000000,top
"C4","100nF","C_0805_2012Metric_Pad1.18x1.45mm_HandSolder",123.650000,-60.900000,90.000000,top
"C5","22pF","C_0805_2012Metric_Pad1.18x1.45mm_HandSolder",108.150000,-59.250000,180.000000,top
"C6","22pF","C_0805_2012Metric_Pad1.18x1.45mm_HandSolder",106.200000,-62.150000,90.000000,top
"C7","100uF","CP_Elec_6.3x5.3",88.650000,-71.050000,-90.000000,top
"C8","100nF","C_0805_2012Metric_Pad1.18x1.45mm_HandSolder",84.100000,-70.900000,-90.000000,top
"J1","Conn_02x03_Counter_Clockwise","PinHeader_2x03_P2.54mm_Vertical",118.940000,-70.850000,-90.000000,top
"J2","Screw_Terminal_01x03","TerminalBlock_Phoenix_PT-1,5-3-5.0-H_1x03_P5.00mm_Horizontal",95.800000,-77.300000,0.000000,top
"J3","Conn_01x04_Pin","PinHeader_1x04_P2.54mm_Vertical",85.235000,-56.795000,0.000000,top
"J4","Conn_01x02_Pin","PinHeader_1x02_P2.54mm_Vertical",110.550000,-52.100000,90.000000,top
"R1","10k","R_0805_2012Metric_Pad1.20x1.40mm_HandSolder",113.450000,-68.000000,0.000000,top
"R2","10k","R_0805_2012Metric_Pad1.20x1.40mm_HandSolder",123.625000,-50.650000,-90.000000,top
"R3","10k","R_0805_2012Metric_Pad1.20x1.40mm_HandSolder",105.325000,-56.050000,90.000000,top
"U1","ATmega328P-A","TQFP-32_7x7mm_P0.8mm",117.450000,-60.740000,0.000000,top
"U2","MAX485E","SOIC-8_3.9x4.9mm_P1.27mm",111.865000,-46.555000,-90.000000,top
"Y1","Crystal_GND24","Crystal_SMD_3225-4Pin_3.2x2.5mm",109.425000,-62.015000,180.000000,top
