"Id";"Designator";"Footprint";"Quantity";"Designation";"Supplier and ref";
1;"A1";"Pololu_Breakout-16_15.2x20.3mm";1;"Pololu_Breakout_DRV8825";;;
2;"C1";"C_0805_2012Metric_Pad1.18x1.45mm_HandSolder";1;"10uF";;;
3;"C2, C3, C4, C8";"C_0805_2012Metric_Pad1.18x1.45mm_HandSolder";4;"100nF";;;
4;"C5, C6";"C_0805_2012Metric_Pad1.18x1.45mm_HandSolder";2;"22pF";;;
5;"C7";"CP_Elec_6.3x5.3";1;"100uF";;;
6;"J1";"PinHeader_2x03_P2.54mm_Vertical";1;"Conn_02x03_Counter_Clockwise";;;
7;"J2";"TerminalBlock_Phoenix_PT-1,5-3-5.0-H_1x03_P5.00mm_Horizontal";1;"Screw_Terminal_01x03";;;
8;"J3";"PinHeader_1x04_P2.54mm_Vertical";1;"Conn_01x04_Pin";;;
9;"J4";"PinHeader_1x02_P2.54mm_Vertical";1;"Conn_01x02_Pin";;;
10;"R1, R2, R3";"R_0805_2012Metric_Pad1.20x1.40mm_HandSolder";3;"10k";;;
11;"U1";"TQFP-32_7x7mm_P0.8mm";1;"ATmega328P-A";;;
12;"U2";"SOIC-8_3.9x4.9mm_P1.27mm";1;"MAX485E";;;
13;"Y1";"Crystal_SMD_3225-4Pin_3.2x2.5mm";1;"Crystal_GND24";;;
